customer_id,name,email,city,signup_date
1,Paul Butler,nmassey@sullivan.com,West Paul,2024-04-01
2,Erin Stone,lewismark@pham.com,Lake Amandaside,2024-09-07
3,Lee Kim,cynthia02@gmail.com,Rodriguezside,2022-11-14
4,Rachel Lucero,katherine32@brown-morales.com,East Catherineview,2024-08-12
5,Amanda Thomas,morrowjoseph@hotmail.com,Jameston,2024-09-30
6,Tony Case,becky24@hotmail.com,Combsland,2022-11-24
7,Gabriel Brown,espinozasarah@kim.com,West Kyle,2023-12-15
8,Victoria Simmons,maldonadosarah@hotmail.com,South Daniel,2022-06-29
9,Patrick Hayden,bridgetjimenez@craig-gomez.com,Heatherville,2024-01-27
10,Shannon Duncan,kirbywayne@bowen.net,Lake Davidtown,2022-08-19
11,Sherri Erickson,xosborn@lee.com,Port Mark,2022-08-22
12,Lauren Thomas,john47@yahoo.com,Rebeccafurt,2023-02-28
13,Jake Richardson,tina23@lowe.org,New Nicholas,2023-04-18
14,Michael Mitchell,anna18@gmail.com,Mcbrideburgh,2025-04-26
15,Brian Taylor,carolynmays@gmail.com,Justinhaven,2024-03-16
16,Stephanie Moore,jessicapatterson@miller-gutierrez.com,New Nancyshire,2024-03-09
17,Lisa Matthews,thompsonchristopher@hotmail.com,West Stephen,2024-03-29
18,Deanna Stephens,twilson@hall.com,Caseyville,2023-08-17
19,Jared Price,stevenanderson@preston.com,Lake Kristymouth,2024-05-10
20,Walter Parker,coxjacob@gmail.com,Elizabethchester,2023-08-17
21,Amber Taylor,lisariley@hicks-jones.com,Thomastown,2024-03-06
22,Erica Moore,mckenzienicole@velez.net,West Jeffreyfort,2025-05-02
23,Rebecca Bowen,phillipsjordan@gmail.com,Lindaview,2023-03-02
24,Jeffrey Marshall,robert03@hotmail.com,Lake Cynthiabury,2024-06-09
25,Jonathan Fernandez,hmartinez@hotmail.com,West Debbie,2023-08-30
26,Dennis Flores,jo94@silva.com,Mendozachester,2023-10-22
27,Gabrielle Robinson,jacobharris@gmail.com,East Coltonchester,2024-05-05
28,Spencer Atkinson,cmurphy@moran.net,Jordanstad,2023-11-08
29,Ryan Barnes,duncanjessica@hotmail.com,Michaelchester,2024-06-09
30,Mark Alvarez,michael54@hotmail.com,East Pamelamouth,2022-07-24
31,Joe Robinson,christinacooper@yahoo.com,West Jennifer,2024-01-30
32,Kevin Beck,james36@yahoo.com,South Tylerside,2023-04-04
33,Janice Clark,grantmurillo@dixon.com,Feliciaton,2025-05-06
34,Sara Goodman,lindachapman@gmail.com,Pattersonville,2024-08-18
35,Courtney Stokes,ucervantes@harris.net,Port Erikaburgh,2022-10-04
36,Sean Rasmussen,williamsonpaul@gmail.com,Evansfurt,2025-03-21
37,Jennifer Reeves,yrosales@gmail.com,Kaylashire,2024-06-25
38,Richard Miller,ylopez@ramirez.org,Lake Travis,2024-09-03
39,Bryan Greer,dcharles@taylor-morton.biz,Rodriguezshire,2022-10-29
40,Shawna Buchanan,meltongregory@lambert.org,West Caroline,2023-07-25
41,Carlos Figueroa,mezakathy@duncan.com,New Lorrainestad,2023-03-20
42,Yvonne Brown,kennethmarquez@gray-brown.com,Amandaberg,2023-09-26
43,Dominique Mcdonald,tglenn@murphy.com,North John,2023-05-13
44,Edward Arnold,mcleanisaiah@hotmail.com,Loriview,2023-06-03
45,Theresa Davis,nancy36@chambers.com,Stephensberg,2024-11-17
46,Brian Jenkins,yjones@smith-cordova.org,Jeanettemouth,2023-03-01
47,Thomas Thomas,bentleyamanda@alvarado.info,Barnettland,2023-06-12
48,John Casey,daltondavis@yahoo.com,East Henry,2023-04-28
49,Shelby Williams,joebrewer@murphy.net,New Rachel,2022-12-23
50,Jessica Larson,rlopez@yahoo.com,East Lisa,2025-02-25
51,George Murphy,rstewart@cameron-brown.info,East Rodneyborough,2024-01-07
52,Diana Larson,sarasims@rhodes.com,Courtneyshire,2024-05-01
53,Maria Scott,mackpeter@griffin.com,South Gailland,2022-10-17
54,Aaron Ortiz,parrishmiguel@stone.info,Hannahtown,2024-05-18
55,Bobby Allen,trobbins@montgomery.com,Tristanview,2022-10-11
56,Robert Weber,christinaschultz@barr.org,Fowlerburgh,2024-10-28
57,Christine Patton,bjohnson@hotmail.com,East Markborough,2025-04-13
58,Tyler Miles,edouglas@hotmail.com,New Patrickton,2022-08-10
59,Diane Fisher,leontina@singh.com,South Paul,2023-03-08
60,Kara Murray,donald17@petersen-cooper.com,East Amberfurt,2025-05-07
61,Javier Cannon,jbarrera@gmail.com,Singhmouth,2024-08-13
62,Richard Campbell,rprice@goodman.com,Lake David,2022-12-05
63,Robert Howard,alexandriaaguilar@gmail.com,North Jonside,2024-04-29
64,Patrick Richardson,jason72@gmail.com,Bruceville,2023-02-10
65,Ryan Abbott,ashley05@gmail.com,Michaeltown,2024-02-01
66,David Baxter,paul88@hotmail.com,East Alvinfort,2024-05-14
67,Stephanie Burgess,stephanie23@russell.com,New Michaelshire,2023-04-02
68,Jeffrey Love,dsimpson@berg.info,North Johnshire,2025-02-28
69,Taylor Barton,emily57@snyder.net,South April,2024-05-04
70,Jessica Richard,jacob18@johnson.com,East Jasonmouth,2023-08-02
71,Gabriella Olson,thomaskimberly@robinson.com,Gregoryhaven,2023-01-09
72,Kiara Byrd,sara90@yahoo.com,East Diane,2023-12-22
73,Paul Griffin,wperry@yahoo.com,Nicholasshire,2024-06-25
74,Joseph Jones,hurleyrodney@gmail.com,Allisonside,2024-04-26
75,Kristina Dorsey,youngjohn@thomas.com,East Charlestown,2022-07-26
76,James Salazar,racheljones@yahoo.com,Keithmouth,2022-08-10
77,Jason Stein,sharondavila@taylor.com,Port Randall,2025-03-25
78,Loretta Johns,prattlisa@serrano-schmidt.com,New Sharon,2023-12-01
79,Leslie Reynolds MD,jasonriley@lewis.com,Sarahmouth,2023-10-04
80,Yolanda Schneider,salinasedgar@bates-soto.com,North Donna,2023-06-14
81,Lisa Douglas,sydneythompson@gmail.com,Maynardfurt,2023-11-23
82,Gregory Hudson,bboyd@gmail.com,Diazland,2024-05-02
83,Mrs. Brenda Johnson,clarkmariah@wells-mitchell.org,North Gracemouth,2023-11-29
84,Ashley Robertson,nathanielandrews@yahoo.com,Lopezton,2025-04-10
85,Eric Riley,morrisjohn@hotmail.com,Port Shaunstad,2024-06-28
86,Shawn Grant,tonyapruitt@hotmail.com,New Adam,2023-02-13
87,Melissa Smith,wareamanda@hotmail.com,West Donaldton,2023-09-10
88,Thomas Washington,salazareric@mccullough-ruiz.com,Tracyberg,2023-06-09
89,Mary Shaw,marissastrickland@yahoo.com,Courtneyhaven,2024-10-04
90,Angelica Huber,pwiley@hotmail.com,East Amandafurt,2023-06-16
91,Jeffrey Ross,rogersjames@burton.com,East Lisa,2023-08-31
92,Sandra Smith,tracy83@gmail.com,Zhangland,2022-11-24
93,Brooke Ayala,amy09@rivera.com,West Danielleburgh,2024-02-08
94,Christopher Bradley,gmcfarland@yahoo.com,North Blake,2022-09-06
95,Kimberly Patel,suttonrebecca@davis.net,New Jenniferfort,2024-02-24
96,Meagan Reese,david09@hotmail.com,East Shaun,2023-11-12
97,Eric Reed,brendaburns@hotmail.com,Davidchester,2022-09-28
98,Sean Torres,alison22@allen.com,Knappchester,2022-05-27
99,Paul Robinson,scottcrystal@moore.com,Sandyfort,2024-08-11
100,Kathleen Miller,jhughes@yahoo.com,West Phillip,2024-10-22
101,Marie Wright,kevinsmith@yahoo.com,West Joshua,2023-11-17
102,Andrea Phillips,ymccoy@savage.com,Stanleyland,2024-04-13
103,James Allen,joshua74@gmail.com,Allenberg,2025-03-25
104,Terrance Park,arodriguez@padilla-duarte.info,Davemouth,2023-05-07
105,Julie Costa,spatel@hotmail.com,Kristinburgh,2024-12-25
106,Kristin Stephens,jennifer73@gmail.com,South Lauren,2023-04-21
107,Brian Juarez,jeanette91@little-mitchell.biz,East Christine,2025-03-17
108,John Thomas,andrewrobinson@kidd-newton.net,South Joseph,2025-02-23
109,Andres Harris,kathleen65@gmail.com,Mathewschester,2025-05-17
110,Jonathan Harris,mccarthyjames@yahoo.com,Quinnton,2024-01-01
111,Jenna Thomas,michael86@yahoo.com,Lake Vanessa,2023-01-11
112,Kenneth Campos,dominiqueharding@yahoo.com,Kathyview,2023-12-13
113,David Vega,colleen79@gmail.com,Jaredmouth,2024-02-21
114,Angela Graham,gutierrezcarl@norman.com,South Tracy,2024-06-26
115,Christopher Adams,catherine03@brown-wong.com,Port Nicholasville,2024-05-30
116,Stephen Douglas,hgonzalez@reid.com,South Cameron,2024-01-30
117,Alan King,mezamichael@martinez-collins.com,North Joseph,2024-05-07
118,Tyler Rowland,cbradford@yahoo.com,Hannahhaven,2022-11-19
119,Corey Holland,rodriguezkaren@hotmail.com,Davishaven,2023-09-25
120,Joe Campbell,matthewsimon@yahoo.com,West Anthony,2025-03-03
121,Thomas Jackson,cookjack@green.org,Allisonville,2022-09-18
122,Emma Stanley,alopez@hotmail.com,Staffordton,2022-07-17
123,Thomas West,amanda49@johnson.com,Port Tara,2023-08-27
124,Karen Garza,zblake@mendoza.com,Port Sarahside,2024-09-19
125,Diamond Patel,veronica31@gmail.com,Port Brandon,2022-07-16
126,Charles Stevenson,doughertyamy@mitchell.info,Port Kathleenmouth,2023-01-23
127,Jeffrey Nolan,catherinesmith@roberts.com,Kimberlychester,2024-07-26
128,Jeremiah Tucker,cowanmichelle@taylor.info,Laceyborough,2024-09-08
129,George Holt,ycobb@hall-robinson.com,South Kimberly,2024-09-21
130,Ashley Burke,cynthia80@yahoo.com,Port Nicolefort,2024-08-25
131,Eric Allen,sydneylee@beasley.com,Tristantown,2022-09-12
132,Paige King,jaynichols@barry.com,Port Davidchester,2023-12-13
133,Benjamin Meadows,taylortodd@hotmail.com,Kimberlyshire,2022-11-29
134,Jeremy Bridges,gary55@lindsey-boyer.com,Reneeberg,2023-12-05
135,Anthony Jackson,blackrichard@wallace.com,South Marvinshire,2023-08-19
136,Laura Rogers,rrocha@clark.com,Davidchester,2023-06-10
137,Danielle Hughes,andersonteresa@torres.com,Melissastad,2024-12-20
138,Patricia Molina,skinnermargaret@yahoo.com,East Ritaburgh,2024-05-23
139,Michele Williams,alexander34@hotmail.com,New Lauren,2025-01-18
140,Adam Stout,tjohnston@gmail.com,East Amber,2023-01-17
141,Jacob Young,reidanna@yahoo.com,Henryburgh,2023-02-16
142,Kyle Briggs,courtney11@gmail.com,West James,2024-08-14
143,Leslie Cook,stephanie64@yahoo.com,Robertview,2024-08-09
144,Michael Spencer,david21@monroe.com,New Ashley,2024-03-23
145,Bonnie Lee,perezjustin@lee.info,North Elizabeth,2022-07-05
146,Mark Miranda,haleyjennifer@rich-day.biz,Lake Janicetown,2023-12-26
147,Melissa Barton,tyler12@fox.com,Lake Kristen,2024-03-21
148,Desiree Navarro,hawkinsgrant@brennan.com,Jademouth,2024-09-01
149,Paige Hall,sherri70@coleman-ramirez.com,New Derek,2024-08-24
150,Paul Reynolds,figueroamichelle@jones.com,Lake Sethberg,2024-06-28
151,Jennifer Mahoney,christopherfrancis@arellano-morales.com,South Joshua,2023-07-14
152,Terry Robles DVM,mmedina@davis.org,East Brandonstad,2023-01-12
153,Ryan Davis,charlesbautista@hotmail.com,Port Bethanyfurt,2024-12-22
154,Amber Alexander,jayconley@hotmail.com,Dwaynemouth,2024-07-12
155,Pamela Moore,brittanyhancock@ward-delacruz.net,North Kelsey,2022-07-23
156,Kimberly Rose,tonythompson@hotmail.com,Lake Matthew,2023-07-01
157,Marissa Medina,andrewhoffman@haney-marshall.biz,Lindseyborough,2023-07-10
158,Micheal Ortega,joanneharvey@yahoo.com,North Lindaborough,2024-12-04
159,Dawn Jones,mitchellallison@yahoo.com,South Jasonfurt,2023-08-12
160,Christopher Johnson,alex14@hotmail.com,South Lisafort,2024-12-19
161,Sarah Reyes,darlenewells@alvarez.info,Lake Leonardland,2025-01-20
162,Lauren Gallegos,janicehumphrey@gmail.com,Jamesborough,2025-01-03
163,Ronald Goodwin,sierra24@reeves.com,Jasonside,2023-02-07
164,Michael Cooley,hollysmith@yahoo.com,Lesliechester,2023-05-24
165,Amber Tucker,kevinhansen@gmail.com,Andreabury,2024-06-27
166,Amy Williams,danielle64@yahoo.com,Millerburgh,2023-01-28
167,Belinda Boone,jackson69@banks-hunt.biz,East Andreamouth,2023-10-22
168,Edgar Powell,arthur59@nicholson-hester.com,Fletcherhaven,2024-03-30
169,Gabrielle Sims,emitchell@hotmail.com,North Sethborough,2024-06-18
170,Patrick Jenkins,mooresteve@campbell.info,South Colin,2024-06-01
171,Paul Jones,ikennedy@shields.com,Morenomouth,2025-02-09
172,Felicia Jimenez,jasmine43@herrera.com,Fullerburgh,2025-01-08
173,Ashley Cohen,lisa58@gmail.com,Wadeland,2023-09-30
174,Jenna Alexander,jamesteresa@hurley.com,Lake Tylerport,2024-07-08
175,Julie Martin,phillipsdean@porter.com,West Christina,2023-11-20
176,Mark Hughes,aperez@reynolds-stewart.com,East Lisa,2024-02-27
177,Laura Brown,craig47@gmail.com,Oliviabury,2024-07-09
178,Kelli Mitchell,rodneybriggs@hotmail.com,Oliviaside,2023-05-04
179,Joseph Macdonald,msanchez@hotmail.com,West Colleen,2024-09-01
180,Gregory Jimenez,christopherhill@sanchez.info,South Thomasberg,2024-07-19
181,Jorge Marshall,ismith@gmail.com,Lake Emma,2024-11-14
182,Christopher Williams,kellythomas@hotmail.com,Allenville,2022-08-04
183,David Brown,michael00@gmail.com,Carlosshire,2022-08-24
184,Katherine Stephens,colejuarez@harris-king.com,Thorntonville,2023-04-25
185,Sarah Lyons DDS,cruzcourtney@gmail.com,Charlesberg,2022-12-04
186,Tracy Harding,padilladavid@moore.com,Lake Rebekah,2025-01-20
187,Jessica Hampton,miguelmiller@decker.com,New Dannyview,2022-06-06
188,Donald Richardson,suzanne55@white.com,Lake Austin,2023-09-21
189,Mark Vaughan,kevinellis@vega-hayes.com,Duncanfort,2024-08-06
190,Jacob Lewis,juliehale@cervantes.info,South Sean,2024-05-16
191,Judith Tucker,tinaromero@king-clark.net,North Shaunstad,2022-10-17
192,Hannah Austin,susantrevino@ramirez.net,Garciaport,2022-10-19
193,Patrick Lara,wgordon@yahoo.com,Clarkside,2025-01-24
194,Samuel Solis,rgray@walker.org,Port Anthony,2023-10-21
195,Beth Ward,robertking@yahoo.com,Jacksonshire,2024-06-20
196,Monica Patterson,davismary@hotmail.com,New Pamelahaven,2023-08-20
197,Rachel Green,molly91@hill-page.com,Normanside,2024-04-05
198,Victoria Shepherd,lgarcia@yahoo.com,Lake Joshire,2022-10-09
199,Jeffery Wagner,turnerjane@hotmail.com,Kleintown,2023-08-11
200,Jonathan Rogers,kari52@yahoo.com,Ginaberg,2022-06-04
201,Linda Lindsey,gutierrezandrea@hotmail.com,Blackwellfort,2023-03-12
202,Ryan Myers,fieldscharles@gmail.com,Gibsonton,2022-12-10
203,Brian Lawson,benjaminsmith@yahoo.com,West Kellyfort,2022-08-26
204,Christopher Hall,lauren55@solomon.org,West Heidi,2023-08-05
205,Chelsea Bowen,gordonricky@yahoo.com,Taylorstad,2022-11-24
206,Amy Smith,montoyajerome@christensen-cox.biz,Berrytown,2023-10-17
207,David Jacobson,hernandezrachel@hotmail.com,Andreafort,2025-03-09
208,Cynthia Martinez,kimberlylopez@buck.com,Powellchester,2024-07-22
209,James Thompson,xbrady@gmail.com,Garciabury,2023-09-04
210,Raymond Osborn,greenchristopher@gmail.com,Victorborough,2025-04-18
211,Michael Smith,kirbychristina@yahoo.com,Woodbury,2025-02-25
212,Matthew Hughes,johnsonandrew@gmail.com,Monicabury,2022-06-17
213,Andrew Butler,tammy14@yahoo.com,Smithside,2025-03-23
214,Angela Ortiz,wgarcia@kennedy.com,Lake Andreamouth,2022-08-06
215,Matthew Sullivan,fhuff@kirk.org,Mcgeefurt,2022-09-28
216,Deborah Hill,dianahawkins@moon.biz,Adkinsborough,2022-06-10
217,Allison Lane,ivang@soto-weber.org,Donnaborough,2025-01-09
218,Robert Barber,ethanjones@ramos-roman.info,New Patricia,2024-05-10
219,Jordan Castillo,vargasian@wilson.org,West Misty,2022-06-03
220,Cory Lopez,jessica82@yahoo.com,Troyville,2023-12-31
221,Patricia Smith,hoffmanstacy@owen-becker.biz,Amandaport,2025-05-21
222,Melissa Barnes,ivazquez@anderson.biz,Howardland,2024-11-06
223,Tina Foster,lindarice@walter-knight.com,East Jessica,2023-05-15
224,Jimmy Thomas,ysmith@hotmail.com,Kingburgh,2023-01-31
225,William Young,alisonhamilton@jensen.com,Powersburgh,2023-04-21
226,Joshua Mann,lhoover@nguyen.com,West William,2023-07-27
227,Joseph Mcgee,hallcody@hotmail.com,Port Victorville,2024-02-01
228,Mary Rivera,rebekahlester@munoz.biz,New Joshuaview,2022-07-14
229,Christina Gates,hquinn@mckinney-howell.com,South Jeffreymouth,2024-04-16
230,Carrie Mccall,andrewgarza@hotmail.com,Crawfordmouth,2024-01-15
231,George Taylor,logan13@norman-anderson.info,Foxside,2023-07-03
232,Roberto Hart,samantharobertson@gmail.com,East Sherrymouth,2023-02-18
233,Edward Flores,davischristopher@garcia-white.com,Maryberg,2022-08-29
234,Jasmine Willis,hfranklin@gmail.com,Lake Melissamouth,2023-08-15
235,Shannon Sandoval,mooreconnie@rios.com,Port Elijah,2023-11-15
236,Robert Wilson,jamesthomas@burgess.info,North Dominicville,2025-04-28
237,Maureen Mcdaniel,stephenserin@gmail.com,Port Heather,2023-07-29
238,Jared Wilson,boydkathryn@yahoo.com,West Erika,2023-09-10
239,Kayla Brown,aprilpope@copeland-hunt.biz,Carterberg,2023-01-06
240,William Martinez Jr.,riverapatricia@hotmail.com,Sotoborough,2022-06-03
241,Travis Montes,fkeller@hotmail.com,Nicolestad,2024-10-07
242,Patrick Stanley,richardboyd@briggs.com,Melissafurt,2023-09-21
243,Steven Meadows,pholt@yahoo.com,East Raymondbury,2024-08-26
244,Brianna Alvarez,craig02@ryan-hayes.com,Lake Victoriastad,2024-02-12
245,Heather Lane,nortonryan@gmail.com,West Sierraview,2024-03-24
246,Seth Diaz,pgarcia@tyler-jimenez.com,Shannonbury,2024-07-06
247,Danielle Espinoza,veronicagarcia@gmail.com,Millerborough,2024-08-10
248,Tina Malone,jlam@hogan-garcia.com,South Michael,2024-01-10
249,John Smith,thomas00@hall.info,Ramseyberg,2023-08-23
250,Calvin Hart,daniel57@pierce.com,Lake Josehaven,2024-05-04
251,Alexis Martinez,oliviaashley@hotmail.com,Robertsview,2024-08-08
252,Matthew Williams,parkerrobert@carter.net,Jamieburgh,2024-09-22
253,Mrs. Elizabeth Barton,andrewmartin@shea.net,Austinhaven,2024-11-16
254,Arthur Gordon,kirsten66@bullock-gomez.com,Jonesstad,2023-10-20
255,Maria Smith,wshepherd@yahoo.com,Smithport,2023-02-16
256,Alex Humphrey,scottfrank@yahoo.com,Port Priscilla,2024-10-24
257,Pamela Wood,anna03@hotmail.com,Port Steventown,2024-01-07
258,Howard Garcia,frankhaas@hotmail.com,Meghanborough,2024-10-13
259,Dalton Wilkerson,dosborne@acosta.com,Nancyland,2024-03-07
260,Jamie Perkins,amy15@weeks.com,New Kim,2024-06-20
261,Crystal Porter,kcarter@cuevas.org,Gallegosbury,2023-03-16
262,Katherine Jones,josephford@alexander.biz,Craigmouth,2023-06-11
263,Robert Wong,lcasey@yahoo.com,Gomezton,2024-03-25
264,Crystal Pratt,acherry@gmail.com,New Josephhaven,2024-10-31
265,Robert Hubbard,pattydoyle@gmail.com,Lewisbury,2024-10-27
266,Robert Smith,bschroeder@miller-cannon.biz,East Courtneyton,2023-09-28
267,Christine Ellis,csavage@mitchell-west.net,Gilbertchester,2022-06-15
268,Dr. Eric Perez,umalone@hill.com,Port Brianhaven,2024-12-31
269,Jacob Black,huntronald@gmail.com,Mooreton,2025-01-17
270,Felicia Wallace,taguilar@thomas-jones.com,New Benjamin,2023-10-20
271,Theresa Green,sean66@hotmail.com,Tonyton,2023-11-05
272,Kenneth Brown,pmendez@gmail.com,New Sean,2023-07-25
273,Jose Koch,jeffrey98@smith.com,East Jenniferside,2023-06-11
274,Kurt White,ashley03@yahoo.com,Ryanville,2022-07-09
275,Abigail Christensen,aliciatorres@gomez-alexander.biz,Rebeccaton,2024-12-28
276,Ashley Lewis,pgibson@yahoo.com,New Meganshire,2023-01-10
277,Charles Wright,davidmorales@yahoo.com,East Melanie,2023-03-26
278,Cameron Rocha,bryantadam@cunningham-williams.org,Port Jacobton,2023-07-06
279,Tiffany Miller,julie55@joseph.com,Samanthaview,2023-08-19
280,Eric Carr,qford@wallace-leonard.biz,East Matthew,2024-03-02
281,Taylor Singh,christopher76@jones-kirby.com,New Deannaside,2023-06-26
282,Ronald Rogers,bryantjoseph@gmail.com,Riverahaven,2022-11-07
283,Maureen Johnson,carolyn79@melton-white.com,North Jameston,2023-08-14
284,Daniel Williams,patriciathomas@cox.com,New Ethan,2022-10-11
285,Natalie Mcintosh,vflowers@allen-king.biz,Holtville,2023-01-25
286,Daniel Munoz,sylviacarter@gmail.com,Martinezborough,2023-06-01
287,Isaac Adams,wfrank@hotmail.com,South Trevormouth,2023-04-24
288,Audrey Church,janice87@bryant.com,Sarahchester,2022-07-16
289,David Arnold,holmesjason@hotmail.com,North Barryborough,2024-04-23
290,Destiny Molina,david87@cooper.biz,Port Samanthaport,2023-07-16
291,Angela West,anthonysilva@phillips-davis.org,West Nicholasbury,2023-02-01
292,Victoria Munoz,teresa62@lopez.com,East Lisaport,2024-08-13
293,Joseph Riddle,donna53@yahoo.com,South Sarah,2025-05-03
294,Megan Arnold,kim50@hotmail.com,Stewartchester,2024-06-05
295,Michael Perez,merceralicia@hotmail.com,Harrisonchester,2022-09-28
296,Carolyn Romero,leonjennifer@gmail.com,Lake Jerrystad,2022-12-26
297,Joseph Wright,pescobar@yahoo.com,Lake Natalie,2024-08-17
298,Kristie Stewart,pmorales@shah.biz,East Andreamouth,2023-10-19
299,Kelly Marsh,hwolf@gmail.com,West Sherry,2023-06-03
300,Donna Gray,hernandezgabrielle@lopez-peck.net,Sonyafort,2024-09-29
301,Jeffrey Watts,sandra41@gonzalez.com,Lake Jimmy,2022-07-26
302,Emily Jackson,ojohnson@yahoo.com,New April,2024-10-05
303,Maria Peters,mitchellthomas@hotmail.com,Lake Meredith,2024-10-04
304,Amanda May,gpatterson@ayala.net,Meganshire,2023-11-11
305,Christopher Tyler,christophersnow@mendoza.net,Adamchester,2023-06-21
306,Jill Martinez,youngmeagan@anderson.biz,New Lauren,2022-06-19
307,Evelyn Price,russell08@yahoo.com,Ruizstad,2023-02-23
308,Logan Reed,stephanie91@shannon-arellano.com,West Nathanburgh,2024-02-16
309,Jasmine Summers PhD,dstewart@yahoo.com,Sandraside,2022-08-19
310,Zachary Owen,dwest@hotmail.com,Nguyenhaven,2023-10-10
311,Dr. Wendy Miller MD,angelapalmer@thomas.com,Porterhaven,2023-06-21
312,Sarah Rodriguez,alyssa87@gmail.com,New Andrew,2024-10-28
313,Jeffrey Phillips,stevensapril@roy-simmons.org,Terriport,2025-02-09
314,Monica Doyle,colinhall@hoffman.com,Lake Jo,2023-02-16
315,Kathryn Mcdonald,thomasrose@owen.com,West Susanmouth,2025-04-14
316,Robert Smith,donald74@gmail.com,Garnerton,2023-05-03
317,Thomas Pugh,floydjames@yahoo.com,Aprilberg,2024-12-08
318,Sarah Villarreal,lking@schultz.net,Adamhaven,2024-03-25
319,Rebecca Peterson,cookyolanda@gmail.com,Justinfurt,2022-07-21
320,Kristen Herrera,ryan35@arnold.info,New Terri,2022-08-12
321,Curtis Grant,taylorelizabeth@yahoo.com,Michaelshire,2022-07-16
322,Barbara Hernandez,kaitlyncox@chavez.com,Lake Ruth,2025-02-04
323,Devin Robertson,sherrimunoz@hotmail.com,North Rebecca,2022-09-18
324,Jacqueline Ortiz,jpollard@ruiz.org,North Melanieshire,2024-08-30
325,Andrew Hill,fdorsey@anderson.org,Lake Courtney,2022-12-03
326,Mary Rogers,william02@schmitt.org,Jasonborough,2022-07-07
327,Holly Harding,joshuawalsh@yahoo.com,Brookemouth,2024-07-12
328,Lisa Miller,wilsonabigail@hanna-sanchez.com,Smithport,2024-11-01
329,Victoria Clark,michaelhunter@gmail.com,Lake Jake,2024-08-17
330,Andrea Lowe,whitakeraimee@rivers-miller.info,Blackshire,2024-03-27
331,Andrew Williams,anthonylane@lowe-butler.com,Port Sandramouth,2022-11-07
332,Kristina Riley,danny60@gmail.com,Port Jasonport,2023-09-14
333,Melissa Cruz,amandachristensen@scott.org,Johnsonfort,2024-06-16
334,Reginald Watson,ricekayla@hotmail.com,East Karentown,2022-06-12
335,Scott Richards,bmcmillan@yahoo.com,Cannonmouth,2023-05-04
336,Patricia Morales,tiffany80@hotmail.com,Lake Ronald,2024-10-23
337,Bethany Walker,william32@hotmail.com,North Elaine,2024-12-04
338,Amber Sherman,emma07@martinez-richards.biz,Sandersmouth,2022-07-31
339,Joseph Saunders,shawngilbert@brown.com,East Scott,2023-07-16
340,Scott Clark,smithdeborah@duncan-horn.com,South Leah,2023-08-28
341,Brandy Hanson,gabriella54@yahoo.com,Amyport,2024-12-23
342,Jay Cervantes,jasmine93@jones-brown.biz,New Travismouth,2023-07-28
343,Veronica Jones,hilltonya@barnett-williams.org,Guzmanfurt,2023-05-25
344,Stacy King,brockdiane@yahoo.com,South Daleside,2024-08-18
345,Ashley Edwards,jose40@yahoo.com,Dorothyton,2023-02-04
346,James Johnston,phale@wolfe-anderson.biz,Stacyfurt,2023-03-21
347,Dana Medina,kjohnson@hotmail.com,New Gwendolyn,2023-06-02
348,David Moreno,daniel60@robinson.com,Lake Susan,2023-03-07
349,Gary Crawford,mario54@gray.com,Traciborough,2022-10-07
350,Lisa Lynch,lwells@brock.biz,Moseshaven,2023-04-29
351,Cynthia Park,sandramartin@hotmail.com,North Sandraburgh,2023-04-28
352,Cole Sloan,greeneamanda@gmail.com,Shawnmouth,2024-12-13
353,Clinton Cortez,sduncan@bass.com,Muellerport,2024-10-03
354,Brenda Gray,nguyenjason@hotmail.com,North Kevintown,2023-03-06
355,Joseph Hill,ebony87@gmail.com,North Larrybury,2022-07-13
356,Tracy Stephens,duncanbrittany@hotmail.com,New Rachel,2022-10-06
357,Jacob Hicks,brenda98@gmail.com,New Joshuaberg,2023-09-03
358,Mary Martinez,sherry93@howell.biz,Port Emmaton,2024-02-14
359,Cheryl Hamilton,brittneywells@yahoo.com,Moonfurt,2022-07-22
360,Sarah Mccarthy,theresajames@hotmail.com,Chasefort,2023-06-29
361,Dawn Ortega,patricklewis@austin-waller.net,Richardstad,2023-09-08
362,Michael Rojas,fmartin@keller.org,Port David,2025-04-22
363,Elizabeth Moreno MD,blanchardjacqueline@gmail.com,New Franciscoport,2025-03-04
364,Jessica Osborn,tatestephanie@mora-neal.biz,Lake James,2024-03-15
365,Michelle Barry,donnaclark@rasmussen-lane.biz,Coltonborough,2025-01-11
366,Christopher Nguyen,mitchelljamie@gmail.com,Derrickstad,2025-02-20
367,Jessica Hogan,alewis@little-miller.com,South Rachel,2023-03-08
368,Rachel Roach,brittanycox@davis.biz,South Jasonhaven,2023-04-06
369,Phillip Fernandez,nmartinez@hotmail.com,Aprilchester,2025-03-29
370,Michael Odonnell,cynthia38@yahoo.com,Friedmanview,2023-04-06
371,Nancy Gonzales,lindseyroger@hawkins.net,Curtischester,2025-03-07
372,Michael Lee,sjones@williams.com,Javierburgh,2024-02-10
373,Crystal Doyle,evansnicole@hotmail.com,Lake Eric,2022-10-24
374,Paul Quinn,richardkerr@henderson-clark.org,South Trevor,2022-06-15
375,John Morgan,christopher56@hotmail.com,Summershaven,2024-08-07
376,Amanda Scott,marcuswalsh@gmail.com,West Paulaborough,2024-12-07
377,Brandon Smith,melissa58@hotmail.com,Johnsonview,2024-11-07
378,Stacy Herrera,upreston@sherman.com,South Brandi,2025-05-26
379,Luis Miller,gillmary@rodriguez-moreno.com,Lake Aaron,2023-05-27
380,Benjamin Peters,aguilardavid@hotmail.com,North Valeriefurt,2022-12-14
381,Donna Saunders,ianking@gmail.com,Garciaborough,2023-10-07
382,Neil Key,reynoldssean@zimmerman.com,Brianberg,2023-04-29
383,Mrs. Angela Boyer,antonio08@watkins.net,East Philip,2023-01-29
384,Katrina Henry,webbalicia@berry.com,Port Brandon,2024-02-12
385,Courtney Williams,wtaylor@carson.com,Lake Jonathan,2024-04-14
386,Angela Elliott,jacobmoore@horton.info,Lanceton,2023-10-03
387,Derek Thompson,moorecarla@foster-gonzalez.com,Adamstad,2023-03-23
388,Andrew Martin,michael34@hotmail.com,Williamsland,2023-03-23
389,Jonathan Perez,janice55@gmail.com,Davidland,2024-01-23
390,Sharon Gibson,pughnicholas@bishop.biz,South Masonmouth,2023-02-15
391,Gary Estes,lwiggins@hotmail.com,Robertton,2024-09-15
392,Dr. Joseph Jones,christopher12@rangel.com,Mariahaven,2024-05-21
393,Casey Werner,johnsonsally@hotmail.com,Rodriguezport,2022-06-23
394,Kevin Wright,schultzlisa@may.com,East Brandonmouth,2022-12-22
395,Jeffrey Ruiz,ibrown@warner.org,North Jeffrey,2022-11-09
396,Sierra Cameron,qduran@roth-guzman.com,Lake Stephaniefort,2024-11-24
397,Katie Wells,nguyenlaurie@yahoo.com,Port Ashley,2023-01-01
398,Franklin Munoz,nmartin@hotmail.com,West Kathy,2023-10-22
399,Kimberly Kelley,bcontreras@nicholson.org,Smithland,2023-05-20
400,Barry Stone,davisderek@thomas.com,New Sara,2024-06-25
401,Nicholas Sims,vharding@gmail.com,Deannastad,2025-02-27
402,Scott Reed,rblake@garcia-tran.com,Chambersland,2024-07-23
403,Kevin Fox,martinezwendy@mann.com,Lake Stephanie,2024-06-20
404,Jason Reyes,kellygriffin@montes-watson.org,South Mark,2024-08-08
405,Jeffrey Harris,harrisjames@peterson.info,South Thomasmouth,2024-07-16
406,Andrea Williams,jkaufman@yahoo.com,New Juliemouth,2022-08-05
407,Melissa Jones,geaton@yahoo.com,Port Ronaldbury,2024-05-22
408,Elizabeth Robinson,nwatson@montgomery.net,Port Jennashire,2024-09-08
409,Charles Lewis,meyerskristin@stevens.com,Hollandmouth,2023-04-01
410,Desiree Landry DVM,jimenezthomas@leonard-cook.net,South Kathy,2022-05-31
411,Christopher Lester,karenbrown@hotmail.com,Gallegosfort,2022-10-18
412,John Sanders,nicholas68@gmail.com,Hernandezfurt,2025-02-27
413,Amber Payne,huntsandra@hotmail.com,Fredericktown,2023-11-24
414,John Snyder MD,alexandermelanie@jackson-olson.org,Port Wendy,2025-01-28
415,Joseph Butler,qbennett@wilson.com,Spencermouth,2024-02-16
416,Ashley Atkins,calvingibson@yahoo.com,North Meganmouth,2022-12-23
417,Brianna Koch,jessica32@gmail.com,Johnport,2022-08-14
418,Amy Smith,marcus89@hotmail.com,New Amberburgh,2024-12-05
419,Luis Harper,josephcontreras@yahoo.com,West Jessicatown,2025-01-17
420,Olivia Ayala,taylorchristine@williams.com,Rivasport,2024-09-03
421,Carlos Turner,gsmith@roberts.com,Brownton,2022-11-01
422,Rachel Strong,zmoore@yahoo.com,West Jeremyfort,2023-05-16
423,Joanna Mcguire,andersensuzanne@hotmail.com,Reyesfort,2023-12-21
424,Aaron Parsons,tracy85@hotmail.com,East Amber,2023-03-21
425,Jennifer Richard,theresacarter@leonard-sullivan.com,Crystalside,2022-12-08
426,Andre Nelson,nashdebra@paul.net,West Gregory,2023-09-29
427,Heidi Choi,alexanderjones@reyes-howell.com,Jessicahaven,2024-03-11
428,Christine Moore MD,wkim@hotmail.com,Wigginsborough,2024-05-27
429,Mia Berry,ruizchristopher@gmail.com,Lisachester,2022-09-05
430,Jeffery Morrow,hbutler@stephens.com,Mcintoshberg,2024-07-09
431,Blake Aguilar,christophersalazar@gmail.com,Port David,2023-07-05
432,Adam Riley II,randallmcgee@gmail.com,South Kristenfurt,2022-06-05
433,Susan Brown,christopher06@yahoo.com,West James,2023-01-12
434,Jill Haynes,higginsmicheal@perry.com,West Wayne,2022-10-06
435,Melissa Chen,ncarter@gmail.com,Jessicabury,2024-03-22
436,Joseph Ford,jennymurray@hotmail.com,East Michaelhaven,2023-02-15
437,Chris Shah,rwhite@gmail.com,Collinsmouth,2025-03-14
438,William Stone,hansencindy@gmail.com,East Alex,2024-09-07
439,Mark Romero,glevy@green.org,New Jerrychester,2025-05-24
440,Heidi Davis,jamesmicheal@thompson.com,Prattborough,2022-10-21
441,Joseph Brown,thomasfaith@hotmail.com,Russellshire,2024-03-28
442,Leslie Buckley,gvaughan@morris.com,Melaniestad,2024-04-28
443,Timothy Dixon,murphymonica@brown.com,South Joseph,2023-04-13
444,Cameron Kelly,ysingh@yahoo.com,Pricemouth,2023-02-25
445,John Patel,hgomez@rojas-rodriguez.com,Hopkinsland,2024-10-29
446,Terry Welch,terri93@garcia.org,Port Billymouth,2023-04-16
447,Nicole Davies,kimberly48@smith.com,South Maryfurt,2023-04-14
448,Douglas Mcdonald,lhernandez@cooper-garrett.biz,Loganmouth,2022-07-26
449,Andrea Bennett,pdouglas@franklin-chavez.com,Deanfurt,2023-08-13
450,Lisa Molina,john15@hotmail.com,Amystad,2023-10-12
451,Patricia White,amyroberts@bates-roberts.net,South Susanstad,2023-07-31
452,Adam Murray,nancy79@solis-pruitt.org,South Rachelchester,2023-02-12
453,Joseph Rodriguez,isabelstark@yahoo.com,Lake Lauraville,2024-02-26
454,Henry Scott,fwatts@hotmail.com,East Jaime,2023-10-23
455,Sandra Higgins,dunlapchristina@yahoo.com,West Danielle,2024-12-04
456,Alexandra Lee,alanferguson@williams.org,Port Jill,2023-03-12
457,Ms. Bridget Johnson,john65@hotmail.com,Victoriaburgh,2024-01-18
458,Steven Gilbert,tmartin@yahoo.com,Anthonyville,2025-01-18
459,Nicholas Castro,tuckermegan@yahoo.com,Port Saraland,2024-06-15
460,Lynn Russo,davidperry@davidson-bennett.com,New Kristinshire,2024-02-23
461,Lucas Bolton,umiller@harrison.com,North Laurentown,2023-03-03
462,Lisa Johnson,ykelly@powers.com,Debraville,2025-04-01
463,Scott Patterson,terrymccarty@hotmail.com,Kochland,2024-05-21
464,Manuel Hunt,nicole53@hotmail.com,Herrerabury,2022-06-16
465,Melinda Huynh,alexander52@yahoo.com,Vanessachester,2025-01-26
466,Lynn Cooper,daniel26@yahoo.com,Lake Alicia,2024-07-20
467,Steven Phillips,olee@gmail.com,Port Christina,2025-05-04
468,Johnathan Burns,julia88@holder-evans.com,Tarafurt,2023-04-28
469,Debra Mitchell,ehall@yahoo.com,South Destinyport,2023-03-29
470,Michelle Ward,lisaescobar@gmail.com,North Allison,2023-05-29
471,Keith Kerr,atorres@gmail.com,Lake Tiffany,2023-02-02
472,Michael Kennedy,owaters@smith.com,Carrburgh,2024-05-16
473,Sarah Castro,emmaperez@smith.org,New Markmouth,2025-02-14
474,Miss Brittany Simpson,aray@perez-garner.com,West Karen,2023-07-25
475,Michael Tucker,laura76@marsh-carter.org,Parkermouth,2023-04-03
476,Travis Vasquez,steven10@yahoo.com,Petersonfurt,2025-01-04
477,Tammy Miller,fgarza@hotmail.com,New Jonathanmouth,2022-07-20
478,Sean Moore,robert08@hotmail.com,Port Julie,2022-11-28
479,Patricia Reynolds,npeters@yahoo.com,Velazquezside,2024-09-17
480,Alexis Jones,alvin36@gonzalez.com,Loweburgh,2022-12-16
481,Samantha Douglas,sandra14@thompson-sanchez.biz,Port Stacy,2022-10-28
482,Andrew Mason,qdavis@smith-parker.com,West Markshire,2024-05-28
483,Brittany Ferguson,christine60@yahoo.com,Darlenemouth,2024-11-07
484,Kathy Jones,lisa19@hotmail.com,Mackfurt,2022-07-12
485,Dylan Hale,lscott@gmail.com,West Julia,2024-12-26
486,Michelle Jenkins,adamsjordan@wyatt.com,New Benjaminborough,2024-12-18
487,Jack Smith,grantallison@hotmail.com,East Katelyntown,2025-04-01
488,Jasmine Barrett,jerry89@hotmail.com,Port Karenchester,2023-03-01
489,Sean Baker,esparzasavannah@wallace-russo.biz,Smithbury,2022-09-28
490,Amanda Roberts,moniquehall@hotmail.com,East Sarahchester,2022-10-27
491,James Mills,lauragreer@yahoo.com,Stephanieshire,2024-08-08
492,Jennifer Gallegos,brianwhite@gmail.com,Kirkshire,2024-10-02
493,Oscar May,karen55@hotmail.com,Castillomouth,2023-01-25
494,Joseph Parsons,gsmith@yahoo.com,West Susan,2024-07-08
495,Katelyn Sanders,longwilliam@hotmail.com,West Isabella,2024-09-22
496,Robert Holden,adamsmatthew@reynolds.biz,Castilloside,2022-09-15
497,Chris Gordon,joshuaewing@ford.com,Davidview,2022-05-31
498,Nicole Harper,kathrynparker@hotmail.com,Clintonfurt,2022-09-18
499,Karen Smith,rachel61@hogan.com,New Brian,2022-05-30
500,Richard Porter,frederickroy@nichols-jones.net,Clarkville,2022-10-29
